C:/Users/edgar/Documents/dev/sandbox/bundles\Coffret Gommages Visage & Corps 60e21fa228d9482e8b4df549876dd26b.html;;;;Page produit: benefits;;;;;;;;;Page Produit - Description - Paragraph #1;;Description;;Page Produit - Description - Paragraph #3;;;;WARNING : no GIFS, only MP4;;;Pourquoi des gommages solides ?;;Notre mission chez Unbottled c‚Äôest de remplacer toutes les bouteilles en plastique de votre salle de bain par des produits z√©ro d√©chet. Comme il est important d‚Äôexfolier sa peau au moins une fois par semaine pour la d√©barrasser des impuret√©s‚Ä¶ On vous propose 2 formules visage et corps pour prendre soin de votre √©piderme et de Mama Earth par la m√™me occasion.;;;;;Un duo ultra gourmand;Caf√©, miel, noisettes‚Ä¶ Difficile de diff√©rencier nos gommages de barres chocolat√©es. D‚Äôautant que leurs parfums n‚Äôont rien √† envier √† leurs homologues comestibles. Mais c‚Äôest bien sur votre peau et non dans votre estomac qu‚Äôil est recommand√© de les appliquer. Plaisir garanti sous la douche, ce serait gommage de passer √† c√¥t√© üòã;https://cdn.shopify.com/s/files/1/0321/2705/8055/files/Partie_un_duo_ultra_gourmand.jpg?v=1650997936;;Un duo de gommages gourmands pour vous <b>exfolier</b> de la t√™te aux pieds.;Gommage visage au caf√© et gommage corps √† la noisette, pour <b>une peau parfaite</b> !;"<div> 
  <span style=""text-transform: uppercase; font-size: 80%; font-weight: 500;""> Ce coffret contient : </span>  
    <div style=""padding-left: 1rem;""> 
      <ul style="""">  
        <li> <span> 1 x Gommage Corps </span>  <span style=""opacity: .5; font-size: 70%;""> - 110g </span>  </li> 
        <li> <span> 1 x Gommage Visage </span>  <span style=""opacity: .5; font-size: 70%;""> - 75g </span>  </li> 
   </ul>  
    </div>
</div>"
C:/Users/edgar/Documents/dev/sandbox/bundles\Duo Douceur Nettoyant Super Doux & Gommage Visage  9a37e2cae9f8450f85751d5864775ec1.html;;;;Page produit: benefits;;;;;;;;;Page Produit - Description - Paragraph #1;;Description;;Page Produit - Description - Paragraph #3;;;;WARNING : no GIFS, only MP4;;;;:;;;;;Quand exfolier sa peau ?;;https://cdn.shopify.com/s/files/1/0321/2705/8055/files/Le_double_nettoyage_kezako.jpg?v=1685381522;;Vous voulez prendre soin de votre peau s√®che ou sensible ? Ce duo douceur sans savon (& sans plastique) est pour vous.;Utilisez le <b>nettoyant tous les jours</b> et le <b>gommage 2 fois</b> par semaine pour une peau <b>saine et nette</b>.;"<div> 
  <span style=""text-transform: uppercase; font-size: 80%; font-weight: 500;""> Ce pack contient : </span>  
    <div style=""padding-left: 1rem;""> 
      <ul style="""">  
        <li> <span> 1 x Nettoyant Super Doux </span>  <span style=""opacity: .5; font-size: 70%;""> - 75g </span>  </li> 
        <li> <span> 1 x Gommage Visage </span> <span style=""opacity: .5; font-size: 70%;""> - 75g </span>  </li>
   </ul>  
    </div>
</div>"
C:/Users/edgar/Documents/dev/sandbox/bundles\Duo Gel Douche Abricot & Soin Intime 31d875f4085c40e880e78fa5018c330d.html;;;;Page produit: benefits;;;;;;;;Page Produit - Description - Paragraph #1;;Description;;Page Produit - Description - Paragraph #3;;;;WARNING : no GIFS, only MP4;;;Savons sans savon;;;;;;Une routine solide ultra-douce;;https://cdn.shopify.com/s/files/1/0321/2705/8055/files/Partie_routine_solide_option_1.jpg?v=1648561981;;;Le duo douceur et sans plastique des <b>peaux s√®ches</b> et zones <b>intimes sensibles</b>.;2 formules <b>saines et sans savon</b> qui nettoient sans ass√©cher. Pour une peau toute douce et une toilette compl√®te.;"<div> 
  <span style=""text-transform: uppercase; font-size: 80%; font-weight: 500;""> Ce duo contient : </span>  
    <div style=""padding-left: 1rem;""> 
      <ul style="""">  
        <li> <span> 1 x Gel Douche Abricot </span>  <span style=""opacity: .5; font-size: 70%;""> - 75g </span>  </li> 
        <li> <span> 1 x Soin Lavant Intime </span> <span style=""opacity: .5; font-size: 70%;""> - 50g </span>  </li>
   </ul>  
    </div>
</div>"
C:/Users/edgar/Documents/dev/sandbox/bundles\Duo Gel Douche Avoine & Soin Intime 4e148581308d463bab26b8a91821a25c.html;;;;Page produit: benefits;;;;;;;;;Page Produit - Description - Paragraph #1;;Description;;Page Produit - Description - Paragraph #3;@Benjamin Legros;;;WARNING : no GIFS, only MP4;;;Savons sans savon;;;;;;;Une routine solide ultra-douce;;https://cdn.shopify.com/s/files/1/0321/2705/8055/files/Partie_routine_solide_option_1.jpg?v=1648561981;;Le duo douceur et sans plastique des <b>peaux s√®ches</b> et zones <b>intimes sensibles</b>.;2 formules <b>saines et sans savon</b> qui nettoient sans ass√©cher. Pour une peau toute douce et une toilette compl√®te.;"<div> 
  <span style=""text-transform: uppercase; font-size: 80%; font-weight: 500;""> Ce pack contient : </span>  
    <div style=""padding-left: 1rem;""> 
      <ul style="""">  
        <li> <span> 1 x Gel Douche Avoine </span>  <span style=""opacity: .5; font-size: 70%;""> - 75g </span>  </li> 
        <li> <span> 1 x Soin Lavant Intime </span> <span style=""opacity: .5; font-size: 70%;""> - 50g </span>  </li>
   </ul>  
    </div>
</div>"
C:/Users/edgar/Documents/dev/sandbox/bundles\Duo Gels Douche Amande + Abricot 4977bd9e3c4c474494dab3a21fe7f0d9.html;;;;Page produit: benefits;;;;;;;;;Page Produit - Description - Paragraph #1;;Description;;Page Produit - Description - Paragraph #3;;;;WARNING : no GIFS, only MP4;;;;;;;;;;Pas de jaloux !;;;https://cdn.shopify.com/s/files/1/0321/2705/8055/files/pas_de_jaloux.jpg?v=1685381004;Entre ces 2 formules <b>ultra douces</b> et <b>super moussantes</b> votre c≈ìur balance ? Faites le choix de ne pas choisir !;Alternez selon votre humeur : <b>Avoine & Amande Douce</b> ou <b>Abricot & Karit√©</b>, pour le plus grand bonheur de vos narines et de votre peau.;"<div> 
  <span style=""text-transform: uppercase; font-size: 80%; font-weight: 500;""> Ce duo contient : </span>  
    <div style=""padding-left: 1rem;""> 
      <ul style="""">  
        <li> <span> 1 x Gel Douche Avoine </span>  <span style=""opacity: .5; font-size: 70%;""> - 75g </span>  </li> 
        <li> <span> 1 x Gel Douche Abricot </span> <span style=""opacity: .5; font-size: 70%;""> - 50g </span>  </li>
      </ul>  
    </div>
</div>"
C:/Users/edgar/Documents/dev/sandbox/bundles\Duo Gommage Corps & Gel Douche Abricot - NEW d59e6ec7be1448008c8dbb87dac0a5fa.html;;;;Page produit: benefits;;;;;;;;;Page Produit - Description - Paragraph #1;;Description;;Page Produit - Description - Paragraph #3;;;;WARNING : no GIFS, only MP4;;;Savons sans savon;;;;;;Une routine solide ultra-douce;;https://cdn.shopify.com/s/files/1/0321/2705/8055/files/une_routine_solide_ultra-douce.jpg?v=1685382567;;Un duo ultra gourmand qui exfolie et nettoie la peau en <b>douceur sans l'ass√©cher</b>.;2 formules saines <b>sans savon & sans plastique</b> pour une peau toute douce.;"<div> 
  <span style=""text-transform: uppercase; font-size: 80%; font-weight: 500;""> Ce duo contient : </span>  
    <div style=""padding-left: 1rem;""> 
      <ul style="""">  
        <li> <span> 1 x Gel Douche Abricot </span> <span style=""opacity: .5; font-size: 70%;""> - 110g </span>  </li>
        <li> <span> 1 x Gommage Corps </span> <span style=""opacity: .5; font-size: 70%;""> - 110g </span>  </li>
   </ul>  
    </div>
</div>"
C:/Users/edgar/Documents/dev/sandbox/bundles\Duo Mini + Recy-Trousse 5390453ef88c498a9b9c036144e7cee2.html;;;;Page produit: benefits;;;;;;;;;Page Produit - Description - Paragraph #1;;Description;;Page Produit - Description - Paragraph #3;;;;WARNING : no GIFS, only MP4;;;Les m√™mes en petits;;;;;;;La Recy-Trousse;;https://cdn.shopify.com/s/files/1/0321/2705/8055/files/La_recy_trousse.jpg?v=1685383238;;Deux petits produits pour de grands voyages. Nos minis Gel Douche Sans Bouteille & Shampoing Tous Cheveux vous accompagneront dans toutes vos excursions;Gr√¢ce √† la recy-trousse 100% recycl√©e et imperm√©able, transporter vos produits solides n‚Äôaura jamais √©t√© aussi simple.;"<div> 
  <span style=""text-transform: uppercase; font-size: 80%; font-weight: 500;""> Ce duo contient : </span>  
    <div style=""padding-left: 1rem;""> 
      <ul style="""">  
        <li> <span> 1 x Duo Mini Voyage </span>    </li> 
        <li> <span> 1 x Recy-Trousse </span>   </li>
   </ul>  
    </div>
</div>"
C:/Users/edgar/Documents/dev/sandbox/bundles\Duo Purifiant Nettoyant Detox & Gommage Visage - N 88cbad1511154e1a82239a2907cfc620.html;;;;Page produit: benefits;;;;;;;;;Page Produit - Description - Paragraph #1;;Description;;Page Produit - Description - Paragraph #3;;;;WARNING : no GIFS, only MP4;;;La guerre des boutons;;;;;;Gommez puis masquez;;https://cdn.shopify.com/s/files/1/0321/2705/8055/files/Le_double_nettoyage_kezako.jpg;;Le s√©bum vous fait des mis√®res et vous voulez retrouver une <b>peau de b√©b√©</b> ? Ce duo purifiant est pour vous.;</b>Utilisez le <b>nettoyant tous les jours</b> et <b>2 fois</b> par semaine laissez-le <b>poser en masque</b> apr√®s avoir appliqu√© (et rinc√©) le <b>gommage.;"<div> 
  <span style=""text-transform: uppercase; font-size: 80%; font-weight: 500;""> Ce pack contient : </span>  
    <div style=""padding-left: 1rem;""> 
      <ul style="""">  
        <li> <span> 1 x Nettoyant Detox </span>  <span style=""opacity: .5; font-size: 70%;""> - 75g </span>  </li> 
        <li> <span> 1 x Gommage Visage </span>  <span style=""opacity: .5; font-size: 70%;""> - 75g </span>  </li> 
   </ul>  
    </div>
</div>"
C:/Users/edgar/Documents/dev/sandbox/bundles\Duo Shampoing Cheveux ColoreÃÅs & ApreÃÄs-Shampoing b163cf564fe948a5a8268e1427c94af3.html;;;;Page produit: benefits;;;;;;;;;Page Produit - Description - Paragraph #1;;Description;;Page Produit - Description - Paragraph #3;;;;WARNING : no GIFS, only MP4;;;Un apr√®s-shampoing, enfin !;;;;;;Le plastique en moins;;https://cdn.shopify.com/s/files/1/0321/2705/8055/files/Une_routine_capillaire_100_solide.jpg?v=1675870691;Bye-bye les couleurs qui font grise mine : enfin des produits solides qui <b>prennent soin</ de vos cheveux color√©s.;Une routine efficace et sans plastique pour <b>hydrater</b> vos cheveux et <b>vivifier</b> votre couleur.;"<div> 
  <span style=""text-transform: uppercase; font-size: 80%; font-weight: 500;""> Ce pack contient : </span>  
    <div style=""padding-left: 1rem;""> 
      <ul style="""">  
        <li> <span> 1 x Shampoing Cheveux Color√©s</span>  <span style=""opacity: .5; font-size: 70%;""> - 75g </span>  </li> 
        <li> <span> 1 x Apr√®s-Shampoing </span> <span style=""opacity: .5; font-size: 70%;""> - 50g </span>  </li>
      </ul>  
    </div>
</div>"
C:/Users/edgar/Documents/dev/sandbox/bundles\Duo Shampoing Cheveux Gras & ApreÃÄs-Shampoing 98364ccfbb4f4943bd30bf0bf0307139.html;;;;Page produit: benefits;;;;;;;;;Page Produit - Description - Paragraph #1;;Description;;Page Produit - Description - Paragraph #3;;;;WARNING : no GIFS, only MP4;;;Un apr√®s-shampoing, enfin !;;;;;;;;https://cdn.shopify.com/s/files/1/0321/2705/8055/files/Une_routine_capillaire_100_solide.jpg?v=1675870691;;Z√©ro s√©bum & z√©ro d√©chet : le duo de choc pour les <b>cheveux gras</b> longs ou mi-longs.;Une routine efficace et sans plastique pour purifier & <b>assainir</b> le cuir chevelu, <b>sans ass√©cher</b> les pointes.;"<div> 
  <span style=""text-transform: uppercase; font-size: 80%; font-weight: 500;""> Ce pack contient : </span>  
    <div style=""padding-left: 1rem;""> 
      <ul style="""">  
        <li> <span> 1 x Shampoing Cheveux Gras </span>  <span style=""opacity: .5; font-size: 70%;""> - 75g </span>  </li> 
        <li> <span> 1 x Apr√®s-Shampoing </span> <span style=""opacity: .5; font-size: 70%;""> - 50g </span>  </li>
      </ul>  
    </div>
</div>"
C:/Users/edgar/Documents/dev/sandbox/bundles\Duo Shampoing Cheveux Secs & ApreÃÄs-Shampoing 19353be58dbf4c45ae59d9eeb580268c.html;;;;Page produit: benefits;;;;;;;;;Page Produit - Description - Paragraph #1;;Description;;Page Produit - Description - Paragraph #3;;;;WARNING : no GIFS, only MP4;;;Un apr√®s-shampoing, enfin !;;;;;;;;https://cdn.shopify.com/s/files/1/0321/2705/8055/files/Une_routine_capillaire_100_solide.jpg?v=1675870691;;Bye-Bye les cheveux secs et abim√©s gr√¢ce √† ce duo <b>r√©parateur</b> et <b>nourrissant</b>.;Une routine efficace et sans plastique pour nettoyer, <b>nourrir</b> et d√©m√™ler la chevelure <b>jusqu‚Äôaux pointes</b>.;"<div> 
  <span style=""text-transform: uppercase; font-size: 80%; font-weight: 500;""> Ce pack contient : </span>  
    <div style=""padding-left: 1rem;""> 
      <ul style="""">  
        <li> <span> 1 x Shampoing Cheveux Sec </span>  <span style=""opacity: .5; font-size: 70%;""> - 75g </span>  </li> 
        <li> <span> 1 x Apr√®s-Shampoing </span> <span style=""opacity: .5; font-size: 70%;""> - 50g </span>  </li>
      </ul>  
    </div>
</div>"
C:/Users/edgar/Documents/dev/sandbox/bundles\Duo Shampoing Cuir Chevelu Sensible & ApreÃÄs-Shamp 032b8cb49fb7446d98eac2d530db424d.html;;;;Page produit: benefits;;;;;;;;;Page Produit - Description - Paragraph #1;;Description;;Page Produit - Description - Paragraph #3;;;;WARNING : no GIFS, only MP4;;;Un apr√®s-shampoing, enfin !;;;;;;Le plastique en moins;;https://cdn.shopify.com/s/files/1/0321/2705/8055/files/Une_routine_capillaire_100_solide.jpg?v=1675870691;Un duo ultra-doux pour <b>arr√™ter de se gratter</b> la t√™te.;La routine efficace & sans plastique d'un cuir chevelu <b>confortable</b> et <b>apais√©</b>.;"<div> 
  <span style=""text-transform: uppercase; font-size: 80%; font-weight: 500;""> Ce pack contient : </span>  
    <div style=""padding-left: 1rem;""> 
      <ul style="""">  
        <li> <span> 1 x Shampoing Cuir Sensible</span>  <span style=""opacity: .5; font-size: 70%;""> - 75g </span>  </li> 
        <li> <span> 1 x Apr√®s-Shampoing </span> <span style=""opacity: .5; font-size: 70%;""> - 50g </span>  </li>
      </ul>  
    </div>
</div>"
C:/Users/edgar/Documents/dev/sandbox/bundles\Duo Shampoing Tous Cheveux & ApreÃÄs-Shampoing 6c95584db4ab4e4296eb08826ab13274.html;;;;Page produit: benefits;;;;;;;;;Page Produit - Description - Paragraph #1;;Description;;Page Produit - Description - Paragraph #3;;;;WARNING : no GIFS, only MP4;;;Un apr√®s-shampoing, enfin !;;;;;;;;https://cdn.shopify.com/s/files/1/0321/2705/8055/files/Une_routine_capillaire_100_solide.jpg?v=1675870691;;Une routine solide aussi <b>efficace</b> que des produits en bouteille, le plastique en moins.;Pour des cheveux <b>assainis</b> √† la racine et <b>nourris</b> aux pointes.;"<div> 
  <span style=""text-transform: uppercase; font-size: 80%; font-weight: 500;""> Ce pack contient : </span>  
    <div style=""padding-left: 1rem;""> 
      <ul style="""">  
        <li> <span> 1 x Shampoing Cheveux Normaux </span>  <span style=""opacity: .5; font-size: 70%;""> - 75g </span>  </li> 
        <li> <span> 1 x Apr√®s-Shampoing </span> <span style=""opacity: .5; font-size: 70%;""> - 50g </span>  </li>
      </ul>  
    </div>
</div>"
C:/Users/edgar/Documents/dev/sandbox/bundles\Nettoyant Super Doux & Nettoyant Detox 80e320cd028a4069a2f8c370577085a3.html;;;;Page produit: benefits;;;;;;;;;Page Produit - Description - Paragraph #1;;Description;;Page Produit - Description - Paragraph #3;;;;WARNING : no GIFS, only MP4;;;La guerre des boutons;;;;;;Une routine visage 100% solide;;https://cdn.shopify.com/s/files/1/0321/2705/8055/files/Routine_visage_100_solide.jpg?v=1673516715;;Le duo parfait pour nettoyer et purifier : utilisez le Nettoyant Super Doux au quotidien et le Nettoyant-Masque Detox une √† deux fois par semaine.;Pour une <b>peau nette</b> et assainie en douceur !;"<div> 
  <span style=""text-transform: uppercase; font-size: 80%; font-weight: 500;""> Ce duo contient : </span>  
    <div style=""padding-left: 1rem;""> 
      <ul style="""">  
        <li> <span> 1 x Nettoyant Super Doux </span>  <span style=""opacity: .5; font-size: 70%;""> - 75g </span>  </li> 
        <li> <span> 1 x Nettoyant Detox </span> <span style=""opacity: .5; font-size: 70%;""> - 50g </span>  </li>
   </ul>  
    </div>
</div>"
C:/Users/edgar/Documents/dev/sandbox/bundles\Pack 5 Shampoings - NEW [TO CREATE ON SHOPIFY] - S adbb8d26b2304db0a9f49179c0af3417.html;;;;Page produit: benefits;;;;;;;;;Page Produit - Description - Paragraph #1;;Description;;Page Produit - Description - Paragraph #3;;;;WARNING : no GIFS, only MP4;;;;;;;;;;;;https://cdn.shopify.com/s/files/1/0321/2705/8055/files/Une_routine_capillaire_100_solide.jpg?v=1675870691;;Toute la famille de nos shampoings solides, aussi <b>efficaces</b> et <b>moussants</b> que des formules liquides, le plastique en moins.];Pas de jaloux gr√¢ce √† ce pack pour <b>tous les go√ªts</b> !;"<div> 
  <span style=""text-transform: uppercase; font-size: 80%; font-weight: 500;""> Ce pack contient : </span>  
    <div style=""padding-left: 1rem;""> 
      <ul style="""">  
        <li> <span> 1 x Shampoing Cheveux Normaux </span>  <span style=""opacity: .5; font-size: 70%;""> - 75g </span>  </li> 
        <li> <span> 1 x Shampoing Cheveux Gras </span>  <span style=""opacity: .5; font-size: 70%;""> - 75g </span>  </li> 
        <li> <span> 1 x Shampoing Cheveux Secs </span>  <span style=""opacity: .5; font-size: 70%;""> - 75g </span>  </li> 
        <li> <span> 1 x Shampoing Cheveux Color√©s </span>  <span style=""opacity: .5; font-size: 70%;""> - 75g </span>  </li> 
        <li> <span> 1 x Shampoing Cuir Sensible </span> <span style=""opacity: .5; font-size: 70%;""> - 50g </span>  </li>
      </ul>  
    </div>
</div>"
C:/Users/edgar/Documents/dev/sandbox/bundles\Pack DeÃÅmaquillant & Nettoyant Super Doux 6e82cba0324b4bcaa992122781ec9cec.html;;;;Page produit: benefits;;;;;;;;;Page Produit - Description - Paragraph #1;;Description;;Page Produit - Description - Paragraph #3;;;;WARNING : no GIFS, only MP4;;;On efface tout (et on recommence);;;;;;Le double nettoyage, kezako ?;;https://cdn.shopify.com/s/files/1/0321/2705/8055/files/Le_double_nettoyage_kezako.jpg;;La cl√© d‚Äôune jolie peau ? Le <b>double nettoyage</b> pardi ! Gr√¢ce √† ce duo, d√©maquillez puis nettoyez votre visage en deux temps trois mouvements.;Leurs formules ultra douces au pH physiologique laissent votre peau saine, nettoy√©e et √©quilibr√©e.;"<div> 
  <span style=""text-transform: uppercase; font-size: 80%; font-weight: 500;""> Ce pack contient : </span>  
    <div style=""padding-left: 1rem;""> 
      <ul style="""">  
        <li> <span> 1 x D√©maquillant Efface-Tout </span>  <span style=""opacity: .5; font-size: 70%;""> - 50g </span>  </li> 
        <li> <span> 1 x Nettoyant Super Doux </span>  <span style=""opacity: .5; font-size: 70%;""> - 75g </span>  </li> 
   </ul>  
    </div>
</div>"
C:/Users/edgar/Documents/dev/sandbox/bundles\Pack DeÃÅmaquillant, Nettoyant Super Doux & Nettoya 02c6ca589fc3416a9b6c9d390858670b.html;;;;Page produit: benefits;;;;;;;;;Page Produit - Description - Paragraph #1;;Description;;Page Produit - Description - Paragraph #3;;;;WARNING : no GIFS, only MP4;;;On efface tout (et on recommence);;;;;;Le double nettoyage, kezako ?;;https://cdn.shopify.com/s/files/1/0321/2705/8055/files/Le_double_nettoyage_kezako.jpg;;La cl√© d‚Äôune jolie peau ? Le <b>double nettoyage</b> pardi ! D√©maquillez puis nettoyez votre visage avec une de nos <b>formules moussantes</b> au pH physiologique.;Alternez entre le Nettoyant Super Doux ou Detox selon l'humeur de votre peau.;"<div> 
  <span style=""text-transform: uppercase; font-size: 80%; font-weight: 500;""> Ce pack contient : </span>  
    <div style=""padding-left: 1rem;""> 
      <ul style="""">  
        <li> <span> 1 x D√©maquillant Efface-Tout </span>  <span style=""opacity: .5; font-size: 70%;""> - 50g </span>  </li> 
        <li> <span> 1 x Nettoyant Super Doux </span>  <span style=""opacity: .5; font-size: 70%;""> - 75g </span>  </li> 
        <li> <span> 1 x Nettoyant Detox </span> <span style=""opacity: .5; font-size: 70%;""> - 75g </span>  </li>
   </ul>  
    </div>
</div>"
C:/Users/edgar/Documents/dev/sandbox/bundles\Pack Famille 3780e0fc0ae146159cc5c3b95eacb671.html;;;;Page produit: benefits;;;;;;;;;Page Produit - Description - Paragraph #1;;Description;;Page Produit - Description - Paragraph #3;;;;WARNING : no GIFS, only MP4;;;;;;;;;Un pour tous, tous pour un;;https://cdn.shopify.com/videos/c/o/v/927fcb98d6034861bead2433fb4d9876.mp4;;Ce pack <b>g√©n√©reux et √©conomique</b> fera le bonheur des familles.;Des formules <b>saines et moussantes</b> aussi efficaces que des produits en bouteille, <b>le plastique en moins</b>.;"<div> 
  <span style=""text-transform: uppercase; font-size: 80%; font-weight: 500;""> Ce pack famille contient : </span>  
    <div style=""padding-left: 1rem;""> 
      <ul style="""">  
        <li> <span> 1 x Maxi Gel Douche </span>  <span style=""opacity: .5; font-size: 70%;""> - 300g </span>  </li> 
        <li> <span> 2 x Shampoing Cheveux Normaux </span> <span style=""opacity: .5; font-size: 70%;""> - 75g </span>  </li>
        <li> <span> 1 x Nettoyant Super Doux </span> <span style=""opacity: .5; font-size: 70%;""> - 90g </span>  </li>
      </ul>  
    </div>
</div>"
C:/Users/edgar/Documents/dev/sandbox/bundles\Pack Famille Nombreuse d72e946936f8402684452cc49be1b491.html;;;;Page produit: benefits;;;;;;;;;Page Produit - Description - Paragraph #1;;Description;;Page Produit - Description - Paragraph #3;;;;WARNING : no GIFS, only MP4;;;;;;;;;;;https://cdn.shopify.com/videos/c/o/v/927fcb98d6034861bead2433fb4d9876.mp4;;Ce pack <b>g√©n√©reux et √©conomique</b> fera le bonheur des familles nombreuses.;Des formules <b>saines et moussantes</b> aussi efficaces que des produits en bouteille, <b>le plastique en moins</b>.;"<div> 
  <span style=""text-transform: uppercase; font-size: 80%; font-weight: 500;""> Ce pack famille nombreuse contient : </span>  
    <div style=""padding-left: 1rem;""> 
      <ul style="""">  
        <li> <span> 1 x Maxi Gel Douche </span>  <span style=""opacity: .5; font-size: 70%;""> - 300g </span>  </li> 
        <li> <span> 2 x Shampoing Cheveux Normaux </span> <span style=""opacity: .5; font-size: 70%;""> - 75g </span>  </li>
        <li> <span> 1 x Apr√®s-Shampoing </span> <span style=""opacity: .5; font-size: 70%;""> - 50g </span>  </li>
        <li> <span> 1 x Nettoyant Super Doux </span> <span style=""opacity: .5; font-size: 70%;""> - 90g </span>  </li>
      </ul>  
    </div>
</div>"
C:/Users/edgar/Documents/dev/sandbox/bundles\Pack Famille XL 55841215c73b4e5f9ce4ab76c352deb8.html;;;;Page produit: benefits;;;;;;;;;Page Produit - Description - Paragraph #1;;Description;;Page Produit - Description - Paragraph #3;;;;WARNING : no GIFS, only MP4;;;;;;;;;Un pour tous, tous pour un;;https://cdn.shopify.com/videos/c/o/v/927fcb98d6034861bead2433fb4d9876.mp4;;Ce pack <b>g√©n√©reux et √©conomique</b> fera le bonheur des familles nombreuses ou des fans de nos produits.;Des formules <b>saines</b> aussi <b>efficaces</b> que des produits en bouteille, <b>le plastique en moins</b>;"<div> 
  <span style=""text-transform: uppercase; font-size: 80%; font-weight: 500;""> Ce pack famille XL contient : </span>  
    <div style=""padding-left: 1rem;""> 
      <ul style="""">  
        <li> <span> 1 x Maxi Gel Douche </span>  <span style=""opacity: .5; font-size: 70%;""> - 300g </span>  </li> 
        <li> <span> 2 x Shampoing Cheveux Normaux </span> <span style=""opacity: .5; font-size: 70%;""> - 75g </span>  </li>
        <li> <span> 1 x Apr√®s-Shampoing </span> <span style=""opacity: .5; font-size: 70%;""> - 50g </span>  </li>
        <li> <span> 1 x Nettoyant Super Doux </span> <span style=""opacity: .5; font-size: 70%;""> - 90g </span>  </li>
        <li> <span> 1 x D√©odorant </span> <span style=""opacity: .5; font-size: 70%;""> - 50g </span>  </li>
      </ul>  
    </div>
</div>"
C:/Users/edgar/Documents/dev/sandbox/bundles\Pack Gel Douche Abricot, Intime & Gommage - NEW 7a268f67da364c4e8d036708ea503b3d.html;;;;Page produit: benefits;;;;;;;;;Page Produit - Description - Paragraph #1;;Description;;Page Produit - Description - Paragraph #3;;;;WARNING : no GIFS, only MP4;;;Savons sans savon;;;;;;Une routine solide ultra-douce;;;;Pour une peau toute douce et une toilette compl√®te.;3 formules <b>saines et sans savon</b> qui nettoient et exfolient sans ass√©cher.;"<div> 
  <span style=""text-transform: uppercase; font-size: 80%; font-weight: 500;""> Ce pack contient : </span>  
    <div style=""padding-left: 1rem;""> 
      <ul style="""">  
        <li> <span> 1 x Gel Douche Abricot </span> <span style=""opacity: .5; font-size: 70%;""> - 110g </span>  </li>
        <li> <span> 1 x Soin Lavant Intime </span> <span style=""opacity: .5; font-size: 70%;""> - 75g </span>  </li>
        <li> <span> 1 x Gommage Corps </span> <span style=""opacity: .5; font-size: 70%;""> - 110g </span>  </li>
   </ul>  
    </div>
</div>"
C:/Users/edgar/Documents/dev/sandbox/bundles\Pack Gels Douche & Soin Lavant Intime 8994888993e0474da2e0d9027633c872.html;;;;Page produit: benefits;;;;;;;;;Page Produit - Description - Paragraph;;Description;;Page Produit - Description - Paragraph #3;;;;WARNING : no GIFS, only MP4;;;Savons sans savon;;;;;;Une routine solide ultra-douce;;https://cdn.shopify.com/s/files/1/0321/2705/8055/files/Partie_routine_solide_option_1.jpg?v=1648561981;;Le trio douceur et sans plastique des <b>peaux s√®ches</b> et zones <b>intimes sensibles</b>.;3 formules <b>saines sans savon</b> qui nettoient sans ass√©cher. Pour une peau toute douce et une toilette compl√®te.;"<div> 
  <span style=""text-transform: uppercase; font-size: 80%; font-weight: 500;""> Ce duo contient : </span>  
    <div style=""padding-left: 1rem;""> 
      <ul style="""">  
        <li> <span> 1 x Gel Douche Avoine </span>  <span style=""opacity: .5; font-size: 70%;""> - 75g </span>  </li> 
        <li> <span> 1 x Soin Lavant Intime </span> <span style=""opacity: .5; font-size: 70%;""> - 50g </span>  </li>
   </ul>  
    </div>
</div>"
C:/Users/edgar/Documents/dev/sandbox/bundles\Pack Gels Douche, Soin Intime & Rasage - NEW d0e8b88b2bbc4a77a2a92d64ce900b8f.html;;;;Page produit: benefits;;;;;;;;;Page Produit - Description - Paragraph #1;;Description;;Page Produit - Description - Paragraph #3;;;;WARNING : no GIFS, only MP4;;;;;;;;;Une routine solide au poil;;https://cdn.shopify.com/s/files/1/0321/2705/8055/files/pas_de_jaloux.jpg?v=1685381004;;La routine 100% solide pour <b>se laver et se raser</b> de la t√™te aux pieds.;Enfin des produits solides aussi <b>efficaces</b>, <b>moussants</b> et agr√©ables √† utiliser que des formules liquides, le plastique en moins.;"<div> 
  <span style=""text-transform: uppercase; font-size: 80%; font-weight: 500;""> Ce pack contient : </span>  
    <div style=""padding-left: 1rem;""> 
      <ul style="""">  
        <li> <span> 1 x Gel Douche Avoine </span>  <span style=""opacity: .5; font-size: 70%;""> - 75g </span>  </li> 
        <li> <span> 1 x Gel Douche Abricot </span> <span style=""opacity: .5; font-size: 70%;""> - 50g </span>  </li>
        <li> <span> 1 x Soin de Rasage </span> <span style=""opacity: .5; font-size: 70%;""> - 50g </span>  </li>
        <li> <span> 1 x Soin Lavant Intime </span> <span style=""opacity: .5; font-size: 70%;""> - 50g </span>  </li>
   </ul>  
    </div>
</div>"
C:/Users/edgar/Documents/dev/sandbox/bundles\Pack Mains Toutes Propres Duo Savons + 2 PS 6211856d02674159a6eee58800d487a4.html;;;;Page produit: benefits;;;;;;;;;Page Produit - Description - Paragraph #1;;Description;;Page Produit - Description - Paragraph #3;;;;WARNING : no GIFS, only MP4;;SARAH;;https://cdn.shopify.com/s/files/1/0321/2705/8055/files/Photos_rectangle_porte-savon_-_partie_Paname_Workshop.png?v=1638285663;https://cdn.shopify.com/s/files/1/0321/2705/8055/files/Corps_Mains_Bundle_Unbottled_Paname_Workshop.jpg?v=1685386456;https://cdn.shopify.com/s/files/1/0321/2705/8055/t/279/assets/GIF_PSMains.gif?v=120635188922273580991677589657;;https://cdn.shopify.com/videos/c/o/v/f06728d7a1b148b69d977a237f6d5543.mp4;;;Un duo compos√© de nos 2 <b>savons surgras</b> : Stop-Mains-S√®ches et Mains-Toutes-Douces. Leurs parfums 100% naturels envoutants et leurs formules tr√®s d√©licates, raviront tant vos narines que vos mains.;Leurs <b>porte-savons assortis en gypse naturel</b> seront du meilleur effet dans votre salle de bain ou votre cuisine !;"<div> 
  <span style=""text-transform: uppercase; font-size: 80%; font-weight: 500;""> Ce duo contient : </span>  
    <div style=""padding-left: 1rem;""> 
      <ul style=""""> 
        <li> <span> 1 x Savon Mains-Toutes-Douces </span> <span style=""opacity: .5; font-size: 70%;""> - 110g </span>  </li> 
        <li> <span> 1 x Savon Stop-Mains-S√®ches </span> <span style=""opacity: .5; font-size: 70%;""> - 110g </span>  </li>
        <li> <span> 2 x Porte-Savons en Gypse </span> <span style=""opacity: .5; font-size: 70%;""> - 110g </span>  </li>           </ul>  
    </div>
</div>"
C:/Users/edgar/Documents/dev/sandbox/bundles\Pack Peau Parfaite DeÃÅmaquillant, Nettoyant Super  612a0be7800a4d6a94b08efc642580cc.html;;;;Page produit: benefits;;;;;;;;;Page Produit - Description - Paragraph #1;;Description;;Page Produit - Description - Paragraph #3;;;;WARNING : no GIFS, only MP4;;;On efface tout (et on recommence);;;;;;Le double nettoyage, kezako ?;;https://cdn.shopify.com/s/files/1/0321/2705/8055/files/Double_nettoyage.jpg?v=1666793553;;Les 3 √©tapes pour <b>une peau de b√©b√©</b> : #1 d√©maquillez, #2 nettoyez et #3 exfoliez ! Aussi simple que 1, 2 3 soleil et √ßa peut faire toute la diff√©rence.;Gr√¢ce √† ces <b>formules ultra douces au pH physiologique</b>, retrouvez une peau saine & √©quilibr√©e et un teint unifi√©.;"<div> 
  <span style=""text-transform: uppercase; font-size: 80%; font-weight: 500;""> Ce pack contient : </span>  
    <div style=""padding-left: 1rem;""> 
      <ul style="""">  
        <li> <span> 1 x D√©maquillant Efface-Tout </span>  <span style=""opacity: .5; font-size: 70%;""> - 50g </span>  </li> 
        <li> <span> 1 x Nettoyant Super Doux </span>  <span style=""opacity: .5; font-size: 70%;""> - 75g </span>  </li> 
        <li> <span> 1 x Gommage Visage </span> <span style=""opacity: .5; font-size: 70%;""> - 75g </span>  </li>
   </ul>  
    </div>
</div>"
C:/Users/edgar/Documents/dev/sandbox/bundles\Pack Routine Visage CompleÃÄte DeÃÅmaquillant, Netto d669a4c61f82459b93df113b4bbf9285.html;;;;Page produit: benefits;;;;;;;;;Page Produit - Description - Paragraph #1;;Description;;Page Produit - Description - Paragraph #3;;;;WARNING : no GIFS, only MP4;;;On efface tout (et on recommence);;;;;;Quand faire quoi ?;;https://cdn.shopify.com/s/files/1/0321/2705/8055/files/Le_double_nettoyage_kezako.jpg?v=1685381522;;Une routine compl√®te pour une peau bien nette.;<b>Tous les jours</b> : d√©maquillez puis nettoyez votre visage. <b>2 fois par semaine</b> : exfoliez votre peau & faites un masque detox.;"<div> 
  <span style=""text-transform: uppercase; font-size: 80%; font-weight: 500;""> Ce pack contient : </span>  
    <div style=""padding-left: 1rem;""> 
      <ul style="""">  
        <li> <span> 1 x D√©maquillant Efface-Tout </span>  <span style=""opacity: .5; font-size: 70%;""> - 50g </span>  </li> 
        <li> <span> 1 x Nettoyant Super Doux </span>  <span style=""opacity: .5; font-size: 70%;""> - 75g </span>  </li> 
        <li> <span> 1 x Nettoyant Detox </span>  <span style=""opacity: .5; font-size: 70%;""> - 75g </span>  </li> 
        <li> <span> 1 x Gommage Visage </span>  <span style=""opacity: .5; font-size: 70%;""> - 75g </span>  </li> 
   </ul>  
    </div>
</div>"
C:/Users/edgar/Documents/dev/sandbox/bundles\PDP - Bundle EXAMPLE aca915463b014d799a86198a6234e808.html;;;;;;;https://cdn.shopify.com/s/files/1/0321/2705/8055/files/Packsfamillecarre_1_1200x1200.jpg?v=1683291153;;;;Page produit: benefits;;;;;;Page Produit - Description - Paragraph #1;;;Description;;;Page Produit - Description - Paragraph #3;;;;WARNING : no GIFS, only MP4;;;;;;;;;;;;;;Des formules <strong>ultra moussantes</strong> et aussi efficaces que des produits en bouteille.;Un <strong>pack √©conomique</strong> aux <strong>parfums 100% naturels</strong>, ph neutre, excellents sur Yuka et surtout sans plastique !;"<div> 
  <span style=""text-transform: uppercase; font-size: 80%; font-weight: 500;""> Ce pack contient : </span>  
    <div style=""padding-left: 1rem;""> 
      <ul style="""">  
        <li> <span> 2 x Shampoings Tous Cheveux </span>  <span style=""opacity: .5; font-size: 70%;""> - 75g </span>  </li> 
        <li> <span> 1 x Apr√®s Shampoing </span> <span style=""opacity: .5; font-size: 70%;""> - 50g </span>  </li>
        <li> <span> 1 x Nettoyant Visage </span> <span style=""opacity: .5; font-size: 70%;""> - 90g </span>  </li>  
        <li> <span> 1 x Maxi Gel Douche Avoine </span> <span style=""opacity: .5; font-size: 70%;""> - 300g </span>  </li>  
      </ul>  
    </div>
</div>"
C:/Users/edgar/Documents/dev/sandbox/bundles\Trio + Eco-Trousse 6379a3802c4e478094301cb8fad43633.html;;;;Page produit: benefits;;;;;;;;;Page Produit - Description - Paragraph #1;;Description;;Page Produit - Description - Paragraph #3;;;;WARNING : no GIFS, only MP4;;;;;;;;;;Clic‚Ä¶ Clac !;;https://cdn.shopify.com/videos/c/o/v/e428c26ba07640f08361eca4cb84d363.mp4;;Jamais sans vos produits solides ! Les transporter est maintenant un jeu d'enfant.;Gr√¢ce √† ce trio compos√© de nos <b>best-sellers</b> et ses 3 √©co-trousses <b>imperm√©ables</b> √† l'int√©rieur.;"<div> 
  <span style=""text-transform: uppercase; font-size: 80%; font-weight: 500;""> Ce duo contient : </span>  
    <div style=""padding-left: 1rem;""> 
      <ul style="""">  
        <li> <span> 1 x Trio Bye Bye Plastique </span>    </li> 
        <li> <span> 3 x √âco-Trousses </span>   </li>
   </ul>  
    </div>
</div>"
C:/Users/edgar/Documents/dev/sandbox/bundles\Trio Gels Douche Amande, Abricot & BeÃÅbeÃÅ - NEW 5374ffa78bd3428fb645eefbf355b709.html;;;;Page produit: benefits;;;;;;;;;Page Produit - Description - Paragraph #1;;Description;;Page Produit - Description - Paragraph #3;;;;WARNING : no GIFS, only MP4;;;Savon sans savon;;;;;;;Pas de jaloux !;;https://cdn.shopify.com/s/files/1/0321/2705/8055/files/pas_de_jaloux.jpg?v=1685381004;Des¬†formules <b>saines sans savon</b> qui nettoient la peau en douceur <b>sans l‚Äôass√©cher</b>.;Une mousse cr√©meuse et <b>3 d√©licieux parfums 100% naturels</b> qui raviront petits & grands.;"<div> 
  <span style=""text-transform: uppercase; font-size: 80%; font-weight: 500;""> Ce duo contient : </span>  
    <div style=""padding-left: 1rem;""> 
      <ul style="""">  
        <li> <span> 1 x Gel Douche Avoine </span>  <span style=""opacity: .5; font-size: 70%;""> - 75g </span>  </li> 
        <li> <span> 1 x Gel Douche Abricot </span> <span style=""opacity: .5; font-size: 70%;""> - 50g </span>  </li>
        <li> <span> 1 x Savon Neutre B√©b√© </span> <span style=""opacity: .5; font-size: 70%;""> - 50g </span>  </li>   
   </ul>  
    </div>
</div>"
C:/Users/edgar/Documents/dev/sandbox/bundles\Trio Maxi Gels Douche 1b9c088a52c9451285a1405e28561ea5.html;;;;Page produit: benefits;;;;;;;;;Page Produit - Description - Paragraph #1;;Description;;Page Produit - Description - Paragraph #3;;;;WARNING : no GIFS, only MP4;;;Pas de jaloux;;;;;;;Break it yourself;V;https://cdn.shopify.com/s/files/1/0321/2705/8055/files/3._GIF_-_carre.gif?v=1612361863;;Break it yourself : 3 tablettes de 3 gels douche <b>√† s√©parer vous-m√™me</b>. Attention √ßa ne se mange pas, m√™me si √ßa ressemble √† une barre de chocolat.;Des¬†formules <b>saines sans savon</b> qui nettoient la peau en douceur sans l‚Äôass√©cher. Leur <b>mousse cr√©meuse</b> et d√©licieusement parfum√©e ravira les (tout) petits comme les (tr√®s) grands.;"<div> 
  <span style=""text-transform: uppercase; font-size: 80%; font-weight: 500;""> Ce trio contient : </span>  
    <div style=""padding-left: 1rem;""> 
      <ul style="""">  
        <li> <span> 1 x Maxi Gel Douche Avoine </span>  <span style=""opacity: .5; font-size: 70%;""> - 75g </span>  </li> 
        <li> <span> 1 x Maxi Gel Douche Abricot </span> <span style=""opacity: .5; font-size: 70%;""> - 50g </span>  </li>
        <li> <span> 1 x Maxi Savon Neutre B√©b√© </span> <span style=""opacity: .5; font-size: 70%;""> - 50g </span>  </li>   
   </ul>  
    </div>
</div>"
